imagename,label
000000562229.jpg,0
000000304984.jpg,0
000000143998.jpg,0
000000118209.jpg,0
000000284106.jpg,0
000000071756.jpg,0
000000308430.jpg,0
000000308165.jpg,0
000000419408.jpg,0
000000463283.jpg,0
000000020247.jpg,0
000000104603.jpg,0
000000553990.jpg,0
000000093353.jpg,0
000000530052.jpg,0
000000052891.jpg,0
000000165831.jpg,0
000000128112.jpg,0
000000023126.jpg,0
000000406570.jpg,0
000000345466.jpg,0
000000326542.jpg,0
000000454798.jpg,0
000000216516.jpg,0
000000387098.jpg,0
000000068387.jpg,0
000000553788.jpg,0
000000372307.jpg,0
000000428111.jpg,0
000000552902.jpg,0
000000335427.jpg,0
000000476770.jpg,0
000000466256.jpg,0
000000460682.jpg,0
000000568213.jpg,0
000000572900.jpg,0
000000125472.jpg,0
000000336265.jpg,0
000000325306.jpg,0
000000491613.jpg,0
000000312406.jpg,0
000000223090.jpg,0
000000053626.jpg,0
000000162415.jpg,0
000000353051.jpg,0
000000026690.jpg,0
000000331799.jpg,0
000000018519.jpg,0
000000003255.jpg,0
000000290081.jpg,0
000000226883.jpg,0
000000043314.jpg,0
000000297698.jpg,0
000000542127.jpg,0
000000196009.jpg,0
000000261982.jpg,0
000000280779.jpg,0
000000109118.jpg,0
000000006471.jpg,0
000000251537.jpg,0
000000469828.jpg,0
000000485480.jpg,0
000000341719.jpg,0
000000127263.jpg,0
000000097924.jpg,0
000000123321.jpg,0
000000547502.jpg,0
000000241677.jpg,0
000000191580.jpg,0
000000339442.jpg,0
000000022479.jpg,0
000000537506.jpg,0
000000012748.jpg,0
000000347370.jpg,0
000000327605.jpg,0
000000574297.jpg,0
000000177714.jpg,0
000000479596.jpg,0
000000034452.jpg,0
000000170670.jpg,0
000000013291.jpg,0
000000123213.jpg,0
000000309467.jpg,0
000000546011.jpg,0
000000430961.jpg,0
000000289702.jpg,0
000000380203.jpg,0
000000576955.jpg,0
000000303566.jpg,0
000000559547.jpg,0
000000121242.jpg,0
000000470121.jpg,0
000000369541.jpg,0
000000247917.jpg,0
000000567898.jpg,0
000000188592.jpg,0
000000062554.jpg,0
000000377486.jpg,0
000000355240.jpg,0
000000165500.jpg,0
